max_delta_step,gamma,min_child_weight,max_depth,reg_lambda,subsample,colsample_bytree,colsample_bylevel,learning_rate,reg_alpha,n_estimators
3.747585393124033,23.91449351875134,0.8141673277391048,11.031230966704292,1.2898920816826833,0.8583692636493698,0.9681238317179146,0.8134396867441444,0.09923540539922343,1.2082901922875962,263.76821818506585
