max_delta_step,gamma,min_child_weight,max_depth,reg_lambda,subsample,colsample_bytree,colsample_bylevel,learning_rate,reg_alpha,n_estimators
9.215116503865843,1.3761450619642257,0.6958799186355613,25.946216271654325,0.0335982547046314,0.862753649263639,0.556962999835679,0.9385906958212031,0.1619902364576309,0.07526291172971189,157.31639160305755
