max_delta_step,gamma,min_child_weight,max_depth,reg_lambda,subsample,colsample_bytree,colsample_bylevel,learning_rate,reg_alpha,n_estimators
1.2696675718371093,0.0682994034897233,0.8086276519960078,12.098852249414273,0.3365220849285624,0.868297402572932,0.9417838772675097,0.5996710605068554,0.05402260624609585,0.9780489189387513,299.77300528932494
