max_delta_step,gamma,min_child_weight,max_depth,reg_lambda,subsample,colsample_bytree,colsample_bylevel,learning_rate,reg_alpha,n_estimators
6.505008907174452,0.39680173954056985,1.88444357838789,28.914909067593374,1.6240634594305976,0.5745509427072131,0.989388091808056,0.8116087848474862,0.09767635677792418,1.0312618206648285,191.610738712575
